crop_key,common_name,growth_stage,target_ec_dsm,target_ph,no3_meq_l,nh4_meq_l,h2po4_meq_l,k_meq_l,ca_meq_l,mg_meq_l,so4_meq_l,fe_ppm,mn_ppm,zn_ppm,b_ppm,cu_ppm,mo_ppm,key_disorder_prevented
strawberry_fruiting,Strawberry (Seolhyang / Maehyang),Flowering & Heavy Bearing,1.4,5.8,9.0,0.5,2.5,5.0,4.0,2.0,2.0,2.0,0.5,0.2,0.3,0.05,0.03,Cal-Tipburn & Fruit Softening
strawberry_vegetative,Strawberry (Seolhyang),Vegetative Canopy Growth,1.1,5.8,7.5,0.8,2.0,4.0,3.5,1.5,1.5,1.5,0.4,0.2,0.25,0.04,0.02,Root Salt Shock & Crown Stunting
tomato_fruiting,Tomato (Beefsteak),Peak Harvest & Fruit Load,2.6,5.6,16.0,1.0,3.5,9.5,9.0,4.5,4.5,2.8,0.7,0.4,0.45,0.08,0.05,Blossom End Rot (BER) & Blotchy Ripening
tomato_vegetative,Tomato (Beefsteak),Early Vegetative Framing,2.0,5.6,12.0,1.0,3.0,6.5,7.0,3.5,3.5,2.2,0.6,0.3,0.35,0.06,0.04,Stem Thinning & Internode Stretch
cherry_tomato_brix,Cherry Tomato,High-Brix Generative Steering,3.2,5.5,18.0,0.8,4.0,12.5,10.5,5.5,5.5,3.0,0.8,0.5,0.50,0.10,0.06,Fruit Cracking & Low Sugar Accumulation
paprika_fruiting,Bell Pepper / Paprika,Color Turn & Heavy Load,2.4,5.7,14.5,0.8,3.2,8.5,8.0,4.0,4.0,2.5,0.6,0.35,0.40,0.07,0.04,Fruit Calyx Necrosis & Tipburn
paprika_vegetative,Bell Pepper / Paprika,Vegetative Branching,1.9,5.7,11.5,1.0,2.8,6.0,6.5,3.0,3.0,2.0,0.5,0.30,0.30,0.05,0.03,Blind Node Stunting & Anthocyanin Purple
cucumber_fruiting,Cucumber (Dutch High-Wire),Rapid Bearing High Transpiration,2.2,5.6,15.0,1.2,3.0,8.0,7.5,3.5,3.5,2.5,0.6,0.35,0.35,0.06,0.04,Head Death & Yellow Leaf Margin Necrosis
korean_melon,Korean Melon (Chamoe),Slab Fruit Swelling,2.0,5.8,12.5,0.8,3.0,7.0,7.0,3.5,3.5,2.2,0.5,0.30,0.35,0.05,0.03,Fermented Fruit & Skin Browning
lettuce_butterhead,Butterhead Lettuce,Closed-Head Deep Water / NFT,1.3,5.8,8.5,0.5,2.0,4.5,4.5,1.5,1.5,1.8,0.4,0.20,0.25,0.04,0.02,Heart Tipburn & Latex Burn
basil_aromatic,Sweet Genovese Basil,High Terpene Synthesis,1.6,6.0,10.5,0.5,2.5,5.5,5.0,2.5,2.5,2.0,0.5,0.25,0.30,0.05,0.03,Interveinal Magnesium Chlorosis
spinach_baby,Spinach & Baby Leaf,Low Oxalate Hydroponics,1.5,6.2,9.5,0.5,2.2,5.0,4.5,2.0,2.0,2.0,0.4,0.20,0.25,0.04,0.02,Excess Nitrate Accumulation & Petiole Yellowing
eggplant,Eggplant (Aubergine),Full Commercial Bearing,2.3,5.8,14.0,1.0,3.0,8.0,7.5,3.5,3.5,2.5,0.6,0.35,0.35,0.06,0.04,Fruit Dull Color & Calyx Shrivel
blueberry_substrate,Southern Highbush Blueberry,Potted Substrate pH 4.5-5.0,1.2,4.8,4.0,3.5,1.8,3.0,2.5,1.5,3.5,3.0,0.5,0.25,0.30,0.04,0.02,Iron Chlorosis & High pH Alkaline Toxicity
wasabi_chilled,Wasabi (Sawa-wasabi),Continuous Chilled Water NFT,1.2,6.0,6.5,0.3,1.8,3.5,3.5,1.8,3.0,2.0,0.4,0.20,0.25,0.04,0.02,Rhizome Soft Rot & Black Core Rot
