State,Program_Name,Max_Grant_Amount,Match_Rate_Pct,DAC_Bonus_Pts,Target_Tech,State_Energy_Office_URL,Average_Award_Rate
California,CDFA SWEEP & REAP Match,$500000,50%,15,ATES / Solar Thermal / Variable VFD,https://www.cdfa.ca.gov/oefi/sweep/,78%
New York,NYSERDA Ag Energy & USDA REAP,$500000,50%,15,Heat Pumps / Biomass CHP / Thermal Screen,https://www.nyserda.ny.gov,84%
Michigan,MDARD Value Added & REAP,$500000,50%,10,Semi-Closed ATU / Geothermal Heat Pump,https://www.michigan.gov/mdard,74%
Ohio,ODNR & USDA Rural Dev,$500000,50%,10,Closed-Loop Fertigation / ATES,https://agri.ohio.gov,71%
Pennsylvania,PA DEP Energy Harvest & REAP,$500000,50%,10,Biomass Woodchip Pyrolysis / Heat Pump,https://www.dep.pa.gov,73%
Washington,WA Clean Energy Fund & REAP,$500000,50%,10,ATES / LED Lighting Efficiency,https://www.commerce.wa.gov,81%
North Carolina,NC Ag Finance Authority & REAP,$500000,50%,15,Thermal Screen / Heat Pump / Solar,https://www.ncagr.gov,76%
Texas,TDA Ag Loan & USDA REAP,$500000,50%,15,Evaporative High-Pressure Fog / Solar,https://www.texasagriculture.gov,68%
Florida,FDACS Farm Energy Grant & REAP,$500000,50%,15,Semi-Closed ATU / VFD Chiller,https://www.fdacs.gov,79%
Georgia,GDA Ag Energy & USDA REAP,$500000,50%,10,Heat Pump / Evaporative Mist,https://agr.georgia.gov,72%
Illinois,IL DCEO Energy Efficiency & REAP,$500000,50%,10,ATES Geothermal / LED Retrofit,https://dceo.illinois.gov,75%
Indiana,ISDA Ag Clean Energy & REAP,$500000,50%,10,Biomass CHP / Boiler Economizer,https://www.in.gov/isda/,69%
Wisconsin,Focus on Energy Ag & REAP,$500000,50%,10,Under-Bench Heating / Heat Pump,https://www.focusonenergy.com,82%
Minnesota,MN Dept of Ag & REAP,$500000,50%,10,Geothermal ATES / Snow Melting Loop,https://www.mda.state.mn.us,80%
Iowa,IDALS Clean Energy & REAP,$500000,50%,10,Biomass Pyrolysis / Solar Thermal,https://iowaagriculture.gov,70%
Colorado,CO Dept of Ag ACRE3 & REAP,$500000,50%,15,Geothermal ATES / High-Altitude Thermal,https://ag.colorado.gov,83%
Arizona,AZDA Clean Ag & REAP,$500000,50%,15,Solar PV + Heat Pump Chilling,https://agriculture.az.gov,77%
Oregon,ODOE Renewable Energy & REAP,$500000,50%,10,ATES / Geothermal Direct Use,https://www.oregon.gov/energy/,85%
Maine,Efficiency Maine Ag & REAP,$500000,50%,10,Pellet Biomass / Double-Glazing,https://www.efficiencymaine.com,86%
New Jersey,NJ Clean Energy Ag & REAP,$500000,50%,15,Under-Gutter ATU / Heat Pump,https://njcleanenergy.com,79%
Virginia,VDACS Ag Innovation & REAP,$500000,50%,10,Closed-Loop Recirculation / Heat Pump,https://www.vdacs.virginia.gov,74%
Maryland,MEA Ag Energy Grant & REAP,$500000,50%,15,Geothermal Heat Pump / Solar,https://energy.maryland.gov,81%
Massachusetts,MDAR Ag Energy Grant & REAP,$500000,50%,10,Thermal Curtain / Cold-Climate Heat Pump,https://www.mass.gov/agr,88%
Connecticut,DEEP Microgrid & Ag REAP,$500000,50%,10,CHP Co-Generation / Heat Pump,https://portal.ct.gov/deep,80%
Vermont,VAAFM Clean Energy & REAP,$500000,50%,10,Woodchip District Heat / Polycarbonate,https://agriculture.vermont.gov,87%
Kentucky,KDA Agricultural Development & REAP,$500000,50%,15,Biomass / High-Efficiency Boiler,https://www.kyagr.com,73%
Tennessee,TDA Ag Enterprise & REAP,$500000,50%,10,Geothermal Doublet / LED,https://www.tn.gov/agriculture,72%
Missouri,MDA Value Added & REAP,$500000,50%,10,Evaporative Fogging / Heat Pump,https://agriculture.mo.gov,71%
Kansas,KDA Clean Energy & REAP,$500000,50%,10,Wind / Solar / Heat Pump,https://agriculture.ks.gov,68%
Nebraska,NDA Ag Development & REAP,$500000,50%,10,Geothermal Heat Exchanger / VFD,https://nda.nebraska.gov,70%
South Carolina,SCDA Ag Innovation & REAP,$500000,50%,15,Under-Bench Hydronic / Heat Pump,https://agriculture.sc.gov,75%
Alabama,ADAI Ag Energy & REAP,$500000,50%,15,Evaporative Pad & Mist / Heat Pump,https://agi.alabama.gov,69%
Mississippi,MDAC Energy Efficiency & REAP,$500000,50%,15,High-Pressure Fog / Solar Thermal,https://www.mdac.ms.gov,67%
Louisiana,LDAF Clean Ag & REAP,$500000,50%,15,HVAC Chiller / Variable VFD,https://www.ldaf.state.la.us,68%
Arkansas,AAD Ag Energy & REAP,$500000,50%,15,Heat Pump / Boiler Economizer,https://www.agriculture.arkansas.gov,70%
Oklahoma,ODAFF Clean Ag & REAP,$500000,50%,15,Geothermal ATES / Solar,https://ag.ok.gov,69%
New Mexico,NMDA Ag Biomass & REAP,$500000,50%,15,Direct Geothermal / Solar Thermal,https://www.nmda.nmsu.edu,78%
Utah,UDAF Ag Carbon & REAP,$500000,50%,10,Ground-Source Heat Pump / Curtain,https://ag.utah.gov,76%
Nevada,NDA Clean Tech Ag & REAP,$500000,50%,15,Geothermal Direct Well / Solar,https://agri.nv.gov,82%
Idaho,ISDA Clean Energy & REAP,$500000,50%,10,Low-Enthalpy Geothermal / VFD,https://agri.idaho.gov,83%
Montana,MDA Ag Development & REAP,$500000,50%,10,Cold-Climate Heat Pump / Double Glass,https://agr.mt.gov,79%
Wyoming,WDA Ag Energy & REAP,$500000,50%,10,Geothermal / Infiltration Sealing,https://wyagric.state.wy.us,74%
North Dakota,NDDA Energy & REAP,$500000,50%,10,Lignite / Pellet Biomass / Insulation,https://www.ndda.nd.gov,72%
South Dakota,SDDA Clean Ag & REAP,$500000,50%,10,Geothermal Loop / Heat Pump,https://danr.sd.gov,73%
Delaware,DDA Ag Energy & REAP,$500000,50%,10,Heat Pump / Thermal Screen,https://agriculture.delaware.gov,80%
Rhode Island,DEM Ag Energy & REAP,$500000,50%,10,High-Efficiency Chiller / Heat Pump,https://dem.ri.gov,84%
New Hampshire,NHDAMF Clean Ag & REAP,$500000,50%,10,Biomass Pellet / Thermal Curtains,https://www.agriculture.nh.gov,85%
Hawaii,HDOA Ag Energy & REAP,$500000,50%,15,Solar PV + Cold Water Chilling,https://hdoa.hawaii.gov,86%
Alaska,DNR Ag Development & REAP,$500000,50%,15,Micro-Grid Biomass CHP / LED,https://dnr.alaska.gov/ag/,81%
National_Average,USDA REAP Federal Pool,$500000,50%,12,All Qualified Technologies,https://www.rd.usda.gov,77%
